"0","array_matrix
"
"1","        "
"1"," GSM6926882_Control_M1_.CEL.gz"
"1"," GSM6926883_Control_M2_.CEL.gz"
"1","
17200001"
"1","                     4.8260804"
"1","                     5.4721574"
"1","
17200003"
"1","                     5.3367633"
"1","                     5.8995360"
"1","
17200005"
"1","                     2.1891488"
"1","                     2.0779592"
"1","
17200007"
"1","                     5.2454017"
"1","                     5.5836088"
"1","
17200009"
"1","                     4.3521656"
"1","                     5.5879049"
"1","
17200011"
"1","                     4.6888572"
"1","                     3.4781458"
"1","
17200013"
"1","                     4.8023715"
"1","                     3.6572940"
"1","
17200015"
"1","                     5.4395650"
"1","                     5.3872242"
"1","
17200017"
"1","                     4.2167104"
"1","                     4.4562040"
"1","
17200019"
"1","                     2.7260307"
"1","                     3.7548389"
"1","
17200021"
"1","                     5.2476986"
"1","                     4.7557724"
"1","
17200023"
"1","                     5.5666584"
"1","                     5.2284298"
"1","
17200025"
"1","                     5.9766827"
"1","                     5.2268012"
"1","
17200027"
"1","                     5.5577876"
"1","                     6.1867871"
"1","
17200029"
"1","                     3.4231728"
"1","                     3.3143730"
"1","
17200031"
"1","                     4.5275442"
"1","                     4.0125315"
"1","
17200033"
"1","                     4.7421473"
"1","                     4.4607124"
"1","
17200035"
"1","                     3.1186788"
"1","                     3.4829474"
"1","
17200037"
"1","                     5.8176420"
"1","                     5.1558152"
"1","
17200039"
"1","                     3.2514384"
"1","                     2.9961382"
"1","
17200041"
"1","                     5.6538526"
"1","                     5.7577166"
"1","
17200043"
"1","                     5.8546306"
"1","                     4.7791409"
"1","
17200045"
"1","                     5.7165052"
"1","                     5.0279258"
"1","
17200047"
"1","                     2.0963169"
"1","                     3.9007370"
"1","
17200049"
"1","                     4.9972563"
"1","                     4.4197080"
"1","
17200051"
"1","                     3.7250855"
"1","                     4.3942632"
"1","
17200053"
"1","                     4.0676711"
"1","                     3.9405806"
"1","
17200055"
"1","                     4.9621848"
"1","                     5.3583737"
"1","
17200057"
"1","                     7.3598776"
"1","                     7.2032862"
"1","
17200059"
"1","                     5.9365304"
"1","                     6.2632120"
"1","
17200061"
"1","                     2.1836161"
"1","                     2.4679864"
"1","
17200063"
"1","                     5.9891117"
"1","                     4.9978773"
"1","
17200065"
"1","                     1.8300469"
"1","                     2.4681009"
"1","
17200067"
"1","                     6.1274041"
"1","                     6.1150653"
"1","
17200069"
"1","                     5.5256135"
"1","                     5.4980823"
"1","
17200071"
"1","                     6.2661494"
"1","                     5.9630163"
"1","
17200073"
"1","                     3.7426050"
"1","                     3.7445048"
"1","
17200075"
"1","                     4.1227272"
"1","                     3.4586483"
"1","
17200077"
"1","                     6.4572092"
"1","                     6.1583888"
"1","
17200079"
"1","                     3.3778845"
"1","                     4.9330633"
"1","
17200081"
"1","                     5.4519032"
"1","                     6.2361801"
"1","
17200083"
"1","                     6.2258233"
"1","                     5.9479005"
"1","
17200085"
"1","                     3.9957305"
"1","                     4.6729421"
"1","
17200087"
"1","                     4.5763732"
"1","                     5.2752914"
"1","
17200089"
"1","                     4.1946457"
"1","                     2.5817001"
"1","
17200091"
"1","                     3.6369859"
"1","                     4.8431422"
"1","
17200093"
"1","                     4.8070675"
"1","                     3.4639961"
"1","
17200095"
"1","                     5.8356105"
"1","                     5.8774219"
"1","
17200097"
"1","                     3.6998980"
"1","                     4.0943668"
"1","
17200099"
"1","                     2.8130945"
"1","                     4.8696654"
"1","
17200101"
"1","                     4.8015063"
"1","                     4.4018805"
"1","
17200103"
"1","                     1.8462942"
"1","                     2.7216762"
"1","
17200105"
"1","                     5.6131464"
"1","                     5.3957728"
"1","
17200107"
"1","                     4.7347463"
"1","                     5.1615279"
"1","
17200109"
"1","                     4.4178347"
"1","                     5.1909291"
"1","
"
"1","        "
"1"," GSM6926884_Control_M3_.CEL.gz"
"1"," GSM6926885_CCl4-_2w_M1_.CEL.gz"
"1","
17200001"
"1","                      5.688207"
"1","                      5.7028188"
"1","
17200003"
"1","                      5.811143"
"1","                      5.2762441"
"1","
17200005"
"1","                      2.295199"
"1","                      2.7456607"
"1","
17200007"
"1","                      4.660183"
"1","                      5.0081386"
"1","
17200009"
"1","                      3.941881"
"1","                      5.8955147"
"1","
17200011"
"1","                      3.983265"
"1","                      4.1968598"
"1","
17200013"
"1","                      4.495876"
"1","                      4.7186806"
"1","
17200015"
"1","                      5.272638"
"1","                      5.5139339"
"1","
17200017"
"1","                      3.113103"
"1","                      4.5461197"
"1","
17200019"
"1","                      4.633787"
"1","                      3.2350713"
"1","
17200021"
"1","                      4.788773"
"1","                      4.8983298"
"1","
17200023"
"1","                      5.873874"
"1","                      5.5309405"
"1","
17200025"
"1","                      5.830842"
"1","                      5.8196012"
"1","
17200027"
"1","                      6.118800"
"1","                      6.4832443"
"1","
17200029"
"1","                      3.742587"
"1","                      2.9075324"
"1","
17200031"
"1","                      4.102536"
"1","                      3.8446395"
"1","
17200033"
"1","                      4.529954"
"1","                      4.3745248"
"1","
17200035"
"1","                      3.169932"
"1","                      4.1968946"
"1","
17200037"
"1","                      5.859486"
"1","                      5.5208824"
"1","
17200039"
"1","                      3.840784"
"1","                      3.8272609"
"1","
17200041"
"1","                      5.308487"
"1","                      5.8787432"
"1","
17200043"
"1","                      5.109332"
"1","                      5.3228552"
"1","
17200045"
"1","                      6.074287"
"1","                      6.0661010"
"1","
17200047"
"1","                      2.050820"
"1","                      2.3997579"
"1","
17200049"
"1","                      5.824423"
"1","                      5.7536912"
"1","
17200051"
"1","                      3.293879"
"1","                      5.7665904"
"1","
17200053"
"1","                      4.090175"
"1","                      4.1900014"
"1","
17200055"
"1","                      5.386018"
"1","                      5.1649152"
"1","
17200057"
"1","                      7.516187"
"1","                      7.3476593"
"1","
17200059"
"1","                      6.059504"
"1","                      5.7578470"
"1","
17200061"
"1","                      2.771784"
"1","                      2.3457334"
"1","
17200063"
"1","                      5.536928"
"1","                      5.6764635"
"1","
17200065"
"1","                      3.104975"
"1","                      2.0257850"
"1","
17200067"
"1","                      5.997742"
"1","                      5.4856245"
"1","
17200069"
"1","                      5.206333"
"1","                      6.5334600"
"1","
17200071"
"1","                      5.571571"
"1","                      5.9724145"
"1","
17200073"
"1","                      4.402561"
"1","                      3.6613909"
"1","
17200075"
"1","                      4.565441"
"1","                      3.8498407"
"1","
17200077"
"1","                      5.886153"
"1","                      6.2197402"
"1","
17200079"
"1","                      4.193914"
"1","                      4.2256154"
"1","
17200081"
"1","                      6.093333"
"1","                      6.7435355"
"1","
17200083"
"1","                      5.573433"
"1","                      6.5321285"
"1","
17200085"
"1","                      4.844121"
"1","                      5.1905216"
"1","
17200087"
"1","                      5.359416"
"1","                      4.4190916"
"1","
17200089"
"1","                      2.954285"
"1","                      3.0982642"
"1","
17200091"
"1","                      3.185112"
"1","                      3.7230644"
"1","
17200093"
"1","                      4.974677"
"1","                      4.4984957"
"1","
17200095"
"1","                      5.835707"
"1","                      6.1836744"
"1","
17200097"
"1","                      4.301174"
"1","                      4.3715400"
"1","
17200099"
"1","                      4.770201"
"1","                      5.7306123"
"1","
17200101"
"1","                      2.960681"
"1","                      5.6468632"
"1","
17200103"
"1","                      2.754179"
"1","                      4.2713516"
"1","
17200105"
"1","                      5.389458"
"1","                      5.6545703"
"1","
17200107"
"1","                      5.591754"
"1","                      5.7379853"
"1","
17200109"
"1","                      4.636371"
"1","                      4.8563555"
"1","
"
"1","        "
"1"," GSM6926886_CCl4-_2w_M2_.CEL.gz"
"1"," GSM6926887_CCl4-_2w_M3_.CEL.gz"
"1","
17200001"
"1","                       5.403401"
"1","                       5.739505"
"1","
17200003"
"1","                       5.980139"
"1","                       5.309114"
"1","
17200005"
"1","                       2.770206"
"1","                       3.039063"
"1","
17200007"
"1","                       4.859558"
"1","                       5.108962"
"1","
17200009"
"1","                       5.238332"
"1","                       4.811622"
"1","
17200011"
"1","                       4.060319"
"1","                       3.178922"
"1","
17200013"
"1","                       4.549325"
"1","                       4.132036"
"1","
17200015"
"1","                       5.350584"
"1","                       5.443566"
"1","
17200017"
"1","                       3.489351"
"1","                       2.172538"
"1","
17200019"
"1","                       3.343552"
"1","                       3.641352"
"1","
17200021"
"1","                       4.821685"
"1","                       4.405297"
"1","
17200023"
"1","                       5.176564"
"1","                       5.624716"
"1","
17200025"
"1","                       5.074265"
"1","                       5.157120"
"1","
17200027"
"1","                       6.161975"
"1","                       5.810040"
"1","
17200029"
"1","                       4.265623"
"1","                       3.109517"
"1","
17200031"
"1","                       4.496430"
"1","                       4.227902"
"1","
17200033"
"1","                       4.463699"
"1","                       4.590294"
"1","
17200035"
"1","                       4.027508"
"1","                       2.231035"
"1","
17200037"
"1","                       5.768799"
"1","                       4.820157"
"1","
17200039"
"1","                       3.231569"
"1","                       4.173160"
"1","
17200041"
"1","                       6.174395"
"1","                       6.485363"
"1","
17200043"
"1","                       4.926191"
"1","                       5.263197"
"1","
17200045"
"1","                       5.751921"
"1","                       5.868088"
"1","
17200047"
"1","                       2.393089"
"1","                       3.770485"
"1","
17200049"
"1","                       5.667305"
"1","                       4.165230"
"1","
17200051"
"1","                       4.917894"
"1","                       3.574816"
"1","
17200053"
"1","                       4.134835"
"1","                       3.281668"
"1","
17200055"
"1","                       5.294129"
"1","                       4.869201"
"1","
17200057"
"1","                       7.759693"
"1","                       7.624810"
"1","
17200059"
"1","                       5.775396"
"1","                       5.979465"
"1","
17200061"
"1","                       2.687007"
"1","                       2.901260"
"1","
17200063"
"1","                       5.050008"
"1","                       5.566056"
"1","
17200065"
"1","                       1.951324"
"1","                       1.711343"
"1","
17200067"
"1","                       6.038826"
"1","                       5.489218"
"1","
17200069"
"1","                       5.155079"
"1","                       5.496890"
"1","
17200071"
"1","                       5.308593"
"1","                       5.526902"
"1","
17200073"
"1","                       3.963456"
"1","                       4.133295"
"1","
17200075"
"1","                       4.737577"
"1","                       3.198242"
"1","
17200077"
"1","                       6.446140"
"1","                       6.187501"
"1","
17200079"
"1","                       2.778665"
"1","                       4.336618"
"1","
17200081"
"1","                       5.999287"
"1","                       5.834339"
"1","
17200083"
"1","                       5.662826"
"1","                       6.334531"
"1","
17200085"
"1","                       4.348312"
"1","                       3.624842"
"1","
17200087"
"1","                       4.171323"
"1","                       4.721597"
"1","
17200089"
"1","                       2.376109"
"1","                       2.398663"
"1","
17200091"
"1","                       2.819668"
"1","                       3.236942"
"1","
17200093"
"1","                       3.766454"
"1","                       4.770579"
"1","
17200095"
"1","                       5.327081"
"1","                       6.056828"
"1","
17200097"
"1","                       3.415545"
"1","                       3.502081"
"1","
17200099"
"1","                       5.427773"
"1","                       4.394734"
"1","
17200101"
"1","                       4.031916"
"1","                       4.227089"
"1","
17200103"
"1","                       2.121808"
"1","                       2.386443"
"1","
17200105"
"1","                       5.752629"
"1","                       5.579509"
"1","
17200107"
"1","                       4.941063"
"1","                       4.227682"
"1","
17200109"
"1","                       3.809069"
"1","                       4.885150"
"1","
"
"1","        "
"1"," GSM6926888_CCl4-_4w_M1_.CEL.gz"
"1"," GSM6926889_CCl4-_4w_M2_.CEL.gz"
"1","
17200001"
"1","                       5.881820"
"1","                      6.0716066"
"1","
17200003"
"1","                       6.292498"
"1","                      5.9973100"
"1","
17200005"
"1","                       2.408270"
"1","                      3.6043873"
"1","
17200007"
"1","                       4.643107"
"1","                      5.0783735"
"1","
17200009"
"1","                       4.828234"
"1","                      5.0763435"
"1","
17200011"
"1","                       3.416370"
"1","                      4.5153044"
"1","
17200013"
"1","                       4.529304"
"1","                      3.9180807"
"1","
17200015"
"1","                       5.492231"
"1","                      6.3005988"
"1","
17200017"
"1","                       4.551719"
"1","                      3.9763511"
"1","
17200019"
"1","                       3.632511"
"1","                      2.9497552"
"1","
17200021"
"1","                       3.493902"
"1","                      5.5510949"
"1","
17200023"
"1","                       5.658311"
"1","                      6.1608571"
"1","
17200025"
"1","                       5.382069"
"1","                      5.1288854"
"1","
17200027"
"1","                       6.291610"
"1","                      6.1867871"
"1","
17200029"
"1","                       4.171103"
"1","                      3.4636200"
"1","
17200031"
"1","                       3.995041"
"1","                      4.4899095"
"1","
17200033"
"1","                       4.260711"
"1","                      4.2546376"
"1","
17200035"
"1","                       4.038644"
"1","                      2.8021712"
"1","
17200037"
"1","                       5.581219"
"1","                      5.5531031"
"1","
17200039"
"1","                       3.213529"
"1","                      3.5262847"
"1","
17200041"
"1","                       5.904410"
"1","                      6.0754571"
"1","
17200043"
"1","                       4.494999"
"1","                      5.6802502"
"1","
17200045"
"1","                       6.192201"
"1","                      6.1839572"
"1","
17200047"
"1","                       2.094858"
"1","                      2.2244151"
"1","
17200049"
"1","                       5.921091"
"1","                      6.1507983"
"1","
17200051"
"1","                       4.775853"
"1","                      5.3220599"
"1","
17200053"
"1","                       5.034258"
"1","                      4.1669249"
"1","
17200055"
"1","                       5.088676"
"1","                      6.0646528"
"1","
17200057"
"1","                       7.056822"
"1","                      7.1650978"
"1","
17200059"
"1","                       5.863623"
"1","                      6.2605438"
"1","
17200061"
"1","                       3.377469"
"1","                      2.5243827"
"1","
17200063"
"1","                       5.457474"
"1","                      5.6343949"
"1","
17200065"
"1","                       1.634859"
"1","                      2.1692330"
"1","
17200067"
"1","                       5.760347"
"1","                      5.9922956"
"1","
17200069"
"1","                       5.883186"
"1","                      5.7234408"
"1","
17200071"
"1","                       5.409859"
"1","                      5.7571153"
"1","
17200073"
"1","                       4.365354"
"1","                      4.5286734"
"1","
17200075"
"1","                       3.444738"
"1","                      4.4461973"
"1","
17200077"
"1","                       6.400469"
"1","                      6.6454881"
"1","
17200079"
"1","                       3.749768"
"1","                      4.2380164"
"1","
17200081"
"1","                       6.070383"
"1","                      6.3975065"
"1","
17200083"
"1","                       6.416624"
"1","                      5.9185848"
"1","
17200085"
"1","                       4.056415"
"1","                      4.6829472"
"1","
17200087"
"1","                       4.582755"
"1","                      4.7417366"
"1","
17200089"
"1","                       2.820068"
"1","                      2.9090819"
"1","
17200091"
"1","                       3.036462"
"1","                      4.6376843"
"1","
17200093"
"1","                       4.343830"
"1","                      4.4165098"
"1","
17200095"
"1","                       5.711602"
"1","                      5.9756763"
"1","
17200097"
"1","                       3.958925"
"1","                      4.0468334"
"1","
17200099"
"1","                       5.355785"
"1","                      5.5445181"
"1","
17200101"
"1","                       5.266534"
"1","                      4.0311924"
"1","
17200103"
"1","                       3.285477"
"1","                      3.7476610"
"1","
17200105"
"1","                       5.902030"
"1","                      5.7973610"
"1","
17200107"
"1","                       4.893967"
"1","                      5.6314104"
"1","
17200109"
"1","                       3.800755"
"1","                      5.9105905"
"1","
"
"1","        "
"1"," GSM6926890_CCl4-_4w_M3_.CEL.gz"
"1"," GSM6926891_CCl4-_6w_M1_.CEL.gz"
"1","
17200001"
"1","                       5.787671"
"1","                       5.654123"
"1","
17200003"
"1","                       5.743504"
"1","                       5.655611"
"1","
17200005"
"1","                       2.759490"
"1","                       2.124705"
"1","
17200007"
"1","                       4.376148"
"1","                       5.429766"
"1","
17200009"
"1","                       5.446150"
"1","                       5.244347"
"1","
17200011"
"1","                       4.472247"
"1","                       3.795454"
"1","
17200013"
"1","                       4.646867"
"1","                       3.743646"
"1","
17200015"
"1","                       5.931095"
"1","                       5.627145"
"1","
17200017"
"1","                       3.190692"
"1","                       4.259396"
"1","
17200019"
"1","                       3.915621"
"1","                       3.560832"
"1","
17200021"
"1","                       4.442192"
"1","                       5.533349"
"1","
17200023"
"1","                       4.689340"
"1","                       5.486903"
"1","
17200025"
"1","                       5.056027"
"1","                       4.894904"
"1","
17200027"
"1","                       6.168411"
"1","                       5.243547"
"1","
17200029"
"1","                       3.823588"
"1","                       3.603462"
"1","
17200031"
"1","                       3.659547"
"1","                       3.811947"
"1","
17200033"
"1","                       5.372658"
"1","                       3.877035"
"1","
17200035"
"1","                       2.584612"
"1","                       3.098898"
"1","
17200037"
"1","                       6.058162"
"1","                       6.060662"
"1","
17200039"
"1","                       3.598364"
"1","                       3.334452"
"1","
17200041"
"1","                       6.112877"
"1","                       5.919642"
"1","
17200043"
"1","                       4.231321"
"1","                       4.152744"
"1","
17200045"
"1","                       5.902538"
"1","                       5.789927"
"1","
17200047"
"1","                       3.669597"
"1","                       2.049574"
"1","
17200049"
"1","                       5.760302"
"1","                       5.374072"
"1","
17200051"
"1","                       5.996981"
"1","                       5.274196"
"1","
17200053"
"1","                       3.593813"
"1","                       4.485561"
"1","
17200055"
"1","                       5.182385"
"1","                       5.721983"
"1","
17200057"
"1","                       7.427098"
"1","                       7.436485"
"1","
17200059"
"1","                       6.304944"
"1","                       6.051123"
"1","
17200061"
"1","                       2.892996"
"1","                       2.863803"
"1","
17200063"
"1","                       5.574340"
"1","                       5.335637"
"1","
17200065"
"1","                       1.421281"
"1","                       1.325103"
"1","
17200067"
"1","                       6.314939"
"1","                       5.590482"
"1","
17200069"
"1","                       5.830472"
"1","                       5.982453"
"1","
17200071"
"1","                       4.670814"
"1","                       4.725504"
"1","
17200073"
"1","                       3.193767"
"1","                       4.700204"
"1","
17200075"
"1","                       4.453530"
"1","                       4.376782"
"1","
17200077"
"1","                       6.799403"
"1","                       6.886406"
"1","
17200079"
"1","                       4.805982"
"1","                       4.667299"
"1","
17200081"
"1","                       4.479483"
"1","                       6.169427"
"1","
17200083"
"1","                       6.450471"
"1","                       6.000557"
"1","
17200085"
"1","                       4.163443"
"1","                       3.970079"
"1","
17200087"
"1","                       4.776677"
"1","                       4.654382"
"1","
17200089"
"1","                       2.179166"
"1","                       2.776628"
"1","
17200091"
"1","                       3.744099"
"1","                       3.700862"
"1","
17200093"
"1","                       4.388548"
"1","                       4.854774"
"1","
17200095"
"1","                       5.946775"
"1","                       5.667050"
"1","
17200097"
"1","                       5.198925"
"1","                       3.515611"
"1","
17200099"
"1","                       5.445014"
"1","                       5.366428"
"1","
17200101"
"1","                       3.454551"
"1","                       4.492867"
"1","
17200103"
"1","                       3.996720"
"1","                       2.108946"
"1","
17200105"
"1","                       5.527485"
"1","                       5.912476"
"1","
17200107"
"1","                       5.364531"
"1","                       4.761266"
"1","
17200109"
"1","                       5.665694"
"1","                       4.787064"
"1","
"
"1","        "
"1"," GSM6926892_CCl4-_6w_M2_.CEL.gz"
"1"," GSM6926893_CCl4-_6w_M3_.CEL.gz"
"1","
17200001"
"1","                       5.947000"
"1","                       6.290955"
"1","
17200003"
"1","                       5.896487"
"1","                       5.158832"
"1","
17200005"
"1","                       3.182238"
"1","                       2.589594"
"1","
17200007"
"1","                       5.931810"
"1","                       5.095987"
"1","
17200009"
"1","                       5.119741"
"1","                       5.210387"
"1","
17200011"
"1","                       4.494891"
"1","                       4.780655"
"1","
17200013"
"1","                       3.994637"
"1","                       4.020881"
"1","
17200015"
"1","                       5.466418"
"1","                       5.115662"
"1","
17200017"
"1","                       4.362412"
"1","                       2.149709"
"1","
17200019"
"1","                       3.237930"
"1","                       3.873667"
"1","
17200021"
"1","                       3.392792"
"1","                       4.087144"
"1","
17200023"
"1","                       5.344529"
"1","                       5.405432"
"1","
17200025"
"1","                       5.606572"
"1","                       4.959591"
"1","
17200027"
"1","                       5.984738"
"1","                       6.377364"
"1","
17200029"
"1","                       4.665637"
"1","                       3.585033"
"1","
17200031"
"1","                       3.869175"
"1","                       3.944053"
"1","
17200033"
"1","                       4.515288"
"1","                       3.617453"
"1","
17200035"
"1","                       3.229226"
"1","                       3.132935"
"1","
17200037"
"1","                       5.989609"
"1","                       4.683339"
"1","
17200039"
"1","                       3.380079"
"1","                       3.725735"
"1","
17200041"
"1","                       6.124200"
"1","                       4.568565"
"1","
17200043"
"1","                       4.756707"
"1","                       5.041816"
"1","
17200045"
"1","                       5.524466"
"1","                       5.809604"
"1","
17200047"
"1","                       2.635786"
"1","                       2.591197"
"1","
17200049"
"1","                       5.353370"
"1","                       4.986125"
"1","
17200051"
"1","                       5.011168"
"1","                       5.153621"
"1","
17200053"
"1","                       4.170568"
"1","                       4.395577"
"1","
17200055"
"1","                       4.991241"
"1","                       5.404957"
"1","
17200057"
"1","                       7.204398"
"1","                       7.123015"
"1","
17200059"
"1","                       5.940048"
"1","                       5.634082"
"1","
17200061"
"1","                       3.240330"
"1","                       2.585823"
"1","
17200063"
"1","                       5.334677"
"1","                       5.373931"
"1","
17200065"
"1","                       2.820341"
"1","                       1.996217"
"1","
17200067"
"1","                       6.597114"
"1","                       6.338724"
"1","
17200069"
"1","                       5.446896"
"1","                       5.513730"
"1","
17200071"
"1","                       5.563790"
"1","                       5.688278"
"1","
17200073"
"1","                       3.858581"
"1","                       3.973074"
"1","
17200075"
"1","                       3.610432"
"1","                       5.026103"
"1","
17200077"
"1","                       6.665103"
"1","                       6.652554"
"1","
17200079"
"1","                       3.835001"
"1","                       4.387487"
"1","
17200081"
"1","                       6.037506"
"1","                       5.785350"
"1","
17200083"
"1","                       5.882504"
"1","                       5.428526"
"1","
17200085"
"1","                       5.152780"
"1","                       4.467874"
"1","
17200087"
"1","                       4.791885"
"1","                       4.960339"
"1","
17200089"
"1","                       2.966476"
"1","                       2.579554"
"1","
17200091"
"1","                       3.089977"
"1","                       3.932938"
"1","
17200093"
"1","                       4.080050"
"1","                       4.426236"
"1","
17200095"
"1","                       6.040727"
"1","                       5.791090"
"1","
17200097"
"1","                       3.093046"
"1","                       4.611663"
"1","
17200099"
"1","                       4.791348"
"1","                       5.283788"
"1","
17200101"
"1","                       4.824176"
"1","                       4.093424"
"1","
17200103"
"1","                       3.006194"
"1","                       3.982412"
"1","
17200105"
"1","                       5.167045"
"1","                       5.096105"
"1","
17200107"
"1","                       5.329723"
"1","                       5.462906"
"1","
17200109"
"1","                       5.432771"
"1","                       4.858700"
"1","
"
"1","        "
"1"," GSM6926894_CCl4-_8w_M1_.CEL.gz"
"1"," GSM6926895_CCl4-_8w_M2_.CEL.gz"
"1","
17200001"
"1","                       6.132316"
"1","                      6.0166962"
"1","
17200003"
"1","                       5.232242"
"1","                      5.9620115"
"1","
17200005"
"1","                       3.494170"
"1","                      4.0500369"
"1","
17200007"
"1","                       5.121029"
"1","                      5.4563378"
"1","
17200009"
"1","                       4.929985"
"1","                      4.7828345"
"1","
17200011"
"1","                       3.802908"
"1","                      4.6553603"
"1","
17200013"
"1","                       3.975548"
"1","                      4.0746065"
"1","
17200015"
"1","                       5.294739"
"1","                      5.8107084"
"1","
17200017"
"1","                       3.361110"
"1","                      4.0986537"
"1","
17200019"
"1","                       4.405404"
"1","                      4.4236180"
"1","
17200021"
"1","                       4.600807"
"1","                      4.7301928"
"1","
17200023"
"1","                       5.363106"
"1","                      5.1875792"
"1","
17200025"
"1","                       5.804228"
"1","                      5.6490299"
"1","
17200027"
"1","                       6.367175"
"1","                      6.9075480"
"1","
17200029"
"1","                       3.320487"
"1","                      3.2448049"
"1","
17200031"
"1","                       4.070694"
"1","                      4.6809690"
"1","
17200033"
"1","                       3.969976"
"1","                      4.1951453"
"1","
17200035"
"1","                       3.913707"
"1","                      3.5819560"
"1","
17200037"
"1","                       5.820559"
"1","                      5.5031527"
"1","
17200039"
"1","                       3.743543"
"1","                      3.5709363"
"1","
17200041"
"1","                       6.089249"
"1","                      5.4332227"
"1","
17200043"
"1","                       4.358757"
"1","                      5.4998034"
"1","
17200045"
"1","                       5.637284"
"1","                      5.9378446"
"1","
17200047"
"1","                       2.410969"
"1","                      2.2255536"
"1","
17200049"
"1","                       5.460943"
"1","                      5.8971157"
"1","
17200051"
"1","                       4.550397"
"1","                      4.1609326"
"1","
17200053"
"1","                       4.772176"
"1","                      4.4926483"
"1","
17200055"
"1","                       4.631663"
"1","                      5.3201261"
"1","
17200057"
"1","                       6.696883"
"1","                      7.1547861"
"1","
17200059"
"1","                       5.764560"
"1","                      5.9654562"
"1","
17200061"
"1","                       3.654876"
"1","                      2.9855810"
"1","
17200063"
"1","                       4.810259"
"1","                      5.2974424"
"1","
17200065"
"1","                       1.758751"
"1","                      1.1726402"
"1","
17200067"
"1","                       5.647438"
"1","                      6.3999826"
"1","
17200069"
"1","                       5.096973"
"1","                      5.4992821"
"1","
17200071"
"1","                       5.914136"
"1","                      6.0774044"
"1","
17200073"
"1","                       4.099364"
"1","                      4.6150864"
"1","
17200075"
"1","                       2.498703"
"1","                      5.1136800"
"1","
17200077"
"1","                       6.256346"
"1","                      6.4110694"
"1","
17200079"
"1","                       4.904077"
"1","                      4.7039984"
"1","
17200081"
"1","                       5.575869"
"1","                      5.3378526"
"1","
17200083"
"1","                       6.311302"
"1","                      6.0370777"
"1","
17200085"
"1","                       4.902862"
"1","                      4.2761601"
"1","
17200087"
"1","                       4.790729"
"1","                      5.2879506"
"1","
17200089"
"1","                       2.386108"
"1","                      2.9508246"
"1","
17200091"
"1","                       3.526138"
"1","                      3.9267613"
"1","
17200093"
"1","                       4.190112"
"1","                      5.1093478"
"1","
17200095"
"1","                       5.964915"
"1","                      6.0168037"
"1","
17200097"
"1","                       4.057579"
"1","                      4.0742823"
"1","
17200099"
"1","                       5.666610"
"1","                      5.6309211"
"1","
17200101"
"1","                       4.522632"
"1","                      5.2754805"
"1","
17200103"
"1","                       2.650548"
"1","                      3.7287231"
"1","
17200105"
"1","                       5.366583"
"1","                      5.6757222"
"1","
17200107"
"1","                       4.683820"
"1","                      5.0522172"
"1","
17200109"
"1","                       3.613757"
"1","                      5.0977555"
"1","
"
"1","        "
"1"," GSM6926896_CCl4-_8w_M3_.CEL.gz"
"1"," GSM6926897_CCl4-_10w_M1_.CEL.gz"
"1","
17200001"
"1","                       5.617699"
"1","                        6.185874"
"1","
17200003"
"1","                       5.404702"
"1","                        5.705914"
"1","
17200005"
"1","                       2.600628"
"1","                        2.508501"
"1","
17200007"
"1","                       5.341016"
"1","                        4.823903"
"1","
17200009"
"1","                       4.625688"
"1","                        5.287045"
"1","
17200011"
"1","                       4.228049"
"1","                        3.588585"
"1","
17200013"
"1","                       4.146898"
"1","                        4.718728"
"1","
17200015"
"1","                       5.383435"
"1","                        5.047748"
"1","
17200017"
"1","                       3.946459"
"1","                        2.192073"
"1","
17200019"
"1","                       2.299000"
"1","                        3.587601"
"1","
17200021"
"1","                       4.052128"
"1","                        4.361052"
"1","
17200023"
"1","                       5.073603"
"1","                        4.972301"
"1","
17200025"
"1","                       5.205363"
"1","                        5.273907"
"1","
17200027"
"1","                       5.906727"
"1","                        5.588095"
"1","
17200029"
"1","                       3.686221"
"1","                        2.998895"
"1","
17200031"
"1","                       3.819251"
"1","                        3.923535"
"1","
17200033"
"1","                       4.848719"
"1","                        4.128510"
"1","
17200035"
"1","                       3.559701"
"1","                        3.040778"
"1","
17200037"
"1","                       5.267108"
"1","                        5.743535"
"1","
17200039"
"1","                       3.326642"
"1","                        3.877987"
"1","
17200041"
"1","                       5.568188"
"1","                        5.942064"
"1","
17200043"
"1","                       5.252645"
"1","                        4.845130"
"1","
17200045"
"1","                       5.089512"
"1","                        5.521227"
"1","
17200047"
"1","                       2.301888"
"1","                        3.355816"
"1","
17200049"
"1","                       5.328355"
"1","                        5.271173"
"1","
17200051"
"1","                       4.440346"
"1","                        4.921960"
"1","
17200053"
"1","                       4.307492"
"1","                        5.082921"
"1","
17200055"
"1","                       4.919990"
"1","                        4.939977"
"1","
17200057"
"1","                       7.427604"
"1","                        7.462706"
"1","
17200059"
"1","                       5.558235"
"1","                        5.264885"
"1","
17200061"
"1","                       3.257709"
"1","                        2.917364"
"1","
17200063"
"1","                       5.105475"
"1","                        4.642176"
"1","
17200065"
"1","                       1.129532"
"1","                        2.208552"
"1","
17200067"
"1","                       5.202185"
"1","                        6.245931"
"1","
17200069"
"1","                       5.667311"
"1","                        5.547838"
"1","
17200071"
"1","                       5.022696"
"1","                        5.891053"
"1","
17200073"
"1","                       2.618588"
"1","                        3.794396"
"1","
17200075"
"1","                       4.004552"
"1","                        4.255825"
"1","
17200077"
"1","                       6.192075"
"1","                        6.853073"
"1","
17200079"
"1","                       4.453601"
"1","                        4.419447"
"1","
17200081"
"1","                       5.477566"
"1","                        5.703191"
"1","
17200083"
"1","                       5.755039"
"1","                        6.146069"
"1","
17200085"
"1","                       4.013538"
"1","                        4.003538"
"1","
17200087"
"1","                       5.441937"
"1","                        4.711451"
"1","
17200089"
"1","                       2.543831"
"1","                        2.902804"
"1","
17200091"
"1","                       3.558351"
"1","                        3.860937"
"1","
17200093"
"1","                       4.809055"
"1","                        4.763560"
"1","
17200095"
"1","                       5.619838"
"1","                        6.162683"
"1","
17200097"
"1","                       3.948293"
"1","                        3.842347"
"1","
17200099"
"1","                       4.529117"
"1","                        5.056974"
"1","
17200101"
"1","                       2.864934"
"1","                        3.268915"
"1","
17200103"
"1","                       2.308888"
"1","                        2.327834"
"1","
17200105"
"1","                       5.197811"
"1","                        5.368529"
"1","
17200107"
"1","                       4.805673"
"1","                        5.165355"
"1","
17200109"
"1","                       4.829906"
"1","                        4.723790"
"1","
"
"1","        "
"1"," GSM6926898_CCl4-_10w_M2_.CEL.gz"
"1"," GSM6926899_CCl4-_10w_M3_.CEL.gz"
"1","
17200001"
"1","                       5.1549151"
"1","                        5.407267"
"1","
17200003"
"1","                       5.6727974"
"1","                        5.128611"
"1","
17200005"
"1","                       4.2894995"
"1","                        2.682719"
"1","
17200007"
"1","                       5.8588393"
"1","                        4.835863"
"1","
17200009"
"1","                       5.6027707"
"1","                        4.372892"
"1","
17200011"
"1","                       4.1610482"
"1","                        2.860961"
"1","
17200013"
"1","                       5.0439115"
"1","                        5.270217"
"1","
17200015"
"1","                       6.0730637"
"1","                        4.927388"
"1","
17200017"
"1","                       4.3351133"
"1","                        3.652755"
"1","
17200019"
"1","                       3.8297004"
"1","                        3.618805"
"1","
17200021"
"1","                       4.6308286"
"1","                        4.402341"
"1","
17200023"
"1","                       5.3016029"
"1","                        5.620143"
"1","
17200025"
"1","                       5.3795714"
"1","                        6.045351"
"1","
17200027"
"1","                       6.3026418"
"1","                        6.301626"
"1","
17200029"
"1","                       4.2257337"
"1","                        3.011569"
"1","
17200031"
"1","                       4.2806697"
"1","                        3.714777"
"1","
17200033"
"1","                       3.9506541"
"1","                        3.739721"
"1","
17200035"
"1","                       3.4483604"
"1","                        3.174619"
"1","
17200037"
"1","                       6.0046082"
"1","                        5.732277"
"1","
17200039"
"1","                       3.7320146"
"1","                        3.744980"
"1","
17200041"
"1","                       5.7328942"
"1","                        5.083266"
"1","
17200043"
"1","                       5.1382847"
"1","                        5.494578"
"1","
17200045"
"1","                       6.1051839"
"1","                        5.527255"
"1","
17200047"
"1","                       3.2965542"
"1","                        2.049574"
"1","
17200049"
"1","                       5.8260580"
"1","                        5.109350"
"1","
17200051"
"1","                       5.0924223"
"1","                        4.660794"
"1","
17200053"
"1","                       3.6299409"
"1","                        4.794849"
"1","
17200055"
"1","                       5.6067324"
"1","                        5.078822"
"1","
17200057"
"1","                       7.6419909"
"1","                        7.626576"
"1","
17200059"
"1","                       6.3513465"
"1","                        6.074071"
"1","
17200061"
"1","                       2.8619107"
"1","                        3.263618"
"1","
17200063"
"1","                       5.6993069"
"1","                        3.860511"
"1","
17200065"
"1","                       1.3134838"
"1","                        2.275007"
"1","
17200067"
"1","                       6.5110384"
"1","                        6.030125"
"1","
17200069"
"1","                       5.6575563"
"1","                        5.242118"
"1","
17200071"
"1","                       5.6353815"
"1","                        5.908700"
"1","
17200073"
"1","                       4.7403776"
"1","                        3.656892"
"1","
17200075"
"1","                       5.2721129"
"1","                        3.350143"
"1","
17200077"
"1","                       6.6151590"
"1","                        6.303118"
"1","
17200079"
"1","                       4.6424124"
"1","                        4.175491"
"1","
17200081"
"1","                       6.3555668"
"1","                        5.505731"
"1","
17200083"
"1","                       5.8619024"
"1","                        6.211817"
"1","
17200085"
"1","                       4.4224419"
"1","                        4.103343"
"1","
17200087"
"1","                       4.2929634"
"1","                        4.324832"
"1","
17200089"
"1","                       2.6539570"
"1","                        2.741269"
"1","
17200091"
"1","                       2.8433163"
"1","                        4.369562"
"1","
17200093"
"1","                       5.0097228"
"1","                        4.454745"
"1","
17200095"
"1","                       4.8192550"
"1","                        5.557197"
"1","
17200097"
"1","                       4.8110118"
"1","                        4.076983"
"1","
17200099"
"1","                       5.3399290"
"1","                        4.990746"
"1","
17200101"
"1","                       4.6600126"
"1","                        4.600991"
"1","
17200103"
"1","                       3.4435815"
"1","                        3.021096"
"1","
17200105"
"1","                       5.6105074"
"1","                        4.969495"
"1","
17200107"
"1","                       5.4755639"
"1","                        5.258767"
"1","
17200109"
"1","                       5.0965891"
"1","                        5.256953"
"1","
"
"1"," [ reached getOption(""max.print"") -- omitted 41290 rows ]
"
